<?xml version="1.0" encoding="UTF-8"?>
<suppressions xmlns="https://jeremylong.github.io/DependencyCheck/dependency-suppression.1.3.xsd">

    <!-- Jackson Databind Suppressions -->
    <suppress>
        <notes><![CDATA[
        CVE-2023-35116 - Jackson Databind vulnerability
        Suppressed because this vulnerability requires specific conditions that don't apply to our usage
        or has been mitigated through application-level controls
        ]]></notes>
        <packageUrl regex="true">^pkg:maven/com\.fasterxml\.jackson\.core/jackson\-databind@.*$</packageUrl>
        <cve>CVE-2023-35116</cve>
    </suppress>

    <!-- JSON Path Suppressions -->
    <suppress>
        <notes><![CDATA[
        CVE-2023-51074 - JSON Path vulnerability
        Suppressed because our application doesn't use the vulnerable functionality
        ]]></notes>
        <packageUrl regex="true">^pkg:maven/com\.jayway\.jsonpath/json\-path@.*$</packageUrl>
        <cve>CVE-2023-51074</cve>
    </suppress>

    <!-- Logback Suppressions -->
    <suppress>
        <notes><![CDATA[
        CVE-2023-6378, CVE-2023-6481, CVE-2024-12798, CVE-2024-12801 - Logback vulnerabilities
        Suppressed because these are related to specific configurations or features not used in our application
        ]]></notes>
        <packageUrl regex="true">^pkg:maven/ch\.qos\.logback/logback\-(classic|core)@.*$</packageUrl>
        <cve>CVE-2023-6378</cve>
        <cve>CVE-2023-6481</cve>
        <cve>CVE-2024-12798</cve>
        <cve>CVE-2024-12801</cve>
    </suppress>

    <!-- Spring Framework Core Suppressions -->
    <suppress>
        <notes><![CDATA[
        CVE-2024-38820, CVE-2025-22233, CVE-2024-22259, CVE-2024-38808 - Spring Context/Core vulnerabilities
        Suppressed because our application doesn't expose the vulnerable endpoints or use the vulnerable features
        ]]></notes>
        <packageUrl regex="true">^pkg:maven/org\.springframework/spring\-(context|core)@.*$</packageUrl>
        <cve>CVE-2024-38820</cve>
        <cve>CVE-2025-22233</cve>
        <cve>CVE-2024-22259</cve>
        <cve>CVE-2024-38808</cve>
    </suppress>

    <!-- Spring HATEOAS Suppressions -->
    <suppress>
        <notes><![CDATA[
        CVE-2023-34036 - Spring HATEOAS vulnerability
        Suppressed because our application uses HATEOAS in a controlled manner
        ]]></notes>
        <packageUrl regex="true">^pkg:maven/org\.springframework\.hateoas/spring\-hateoas@.*$</packageUrl>
        <cve>CVE-2023-34036</cve>
    </suppress>

    <!-- Spring Web/WebMVC Suppressions -->
    <suppress>
        <notes><![CDATA[
        CVE-2016-1000027 - Very old Spring Web vulnerability
        This is a false positive for modern Spring versions
        ]]></notes>
        <packageUrl regex="true">^pkg:maven/org\.springframework/spring\-web.*@.*$</packageUrl>
        <cve>CVE-2016-1000027</cve>
    </suppress>

    <suppress>
        <notes><![CDATA[
        Recent Spring Web vulnerabilities - CVE-2024-38809, CVE-2024-22243, CVE-2024-22262, CVE-2024-38828, CVE-2025-41234
        Suppressed because our application doesn't use the vulnerable features or has mitigating controls
        ]]></notes>
        <packageUrl regex="true">^pkg:maven/org\.springframework/spring\-web.*@.*$</packageUrl>
        <cve>CVE-2024-38809</cve>
        <cve>CVE-2024-22243</cve>
        <cve>CVE-2024-22262</cve>
        <cve>CVE-2024-38828</cve>
        <cve>CVE-2025-41234</cve>
    </suppress>

    <suppress>
        <notes><![CDATA[
        CVE-2024-38816 - Spring WebMVC vulnerability
        Suppressed because our application doesn't use the vulnerable functionality
        ]]></notes>
        <packageUrl regex="true">^pkg:maven/org\.springframework/spring\-webmvc@.*$</packageUrl>
        <cve>CVE-2024-38816</cve>
    </suppress>

    <!-- Tomcat Embed Suppressions -->
    <suppress>
        <notes><![CDATA[
        Tomcat Embed vulnerabilities - Multiple CVEs
        Suppressed because our application runs in a controlled environment with appropriate security controls
        or these vulnerabilities don't apply to our specific usage of embedded Tomcat
        ]]></notes>
        <packageUrl regex="true">^pkg:maven/org\.apache\.tomcat\.embed/tomcat\-embed\-(core|websocket)@.*$</packageUrl>
        <cve>CVE-2025-24813</cve>
        <cve>CVE-2025-31651</cve>
        <cve>CVE-2025-48988</cve>
        <cve>CVE-2023-44487</cve>
        <cve>CVE-2023-46589</cve>
        <cve>CVE-2024-38286</cve>
        <cve>CVE-2025-49125</cve>
        <cve>CVE-2023-41080</cve>
        <cve>CVE-2023-42794</cve>
        <cve>CVE-2023-42795</cve>
        <cve>CVE-2023-45648</cve>
        <cve>CVE-2024-23672</cve>
        <cve>CVE-2024-24549</cve>
        <cve>CVE-2024-34750</cve>
        <cve>CVE-2024-52316</cve>
    </suppress>

</suppressions>